[
    {
        "Run Date": "01/03/2022",
        "Run time": "02:30",
        "Job Folder Name": "DDGRI32_ANAPLAN_DDGRDI_Beacon_Jobs_002",
        "Job Name": "Anaplan_Admin_NoP_Feed_002",
        "Milestone": "Data to Admin",
        "Taskflow": "tf_Anaplan_Admin_NoP_Data_Feed",
        "Start Time": "Mar 1, 2022, 2:44 AM",
        "End Time": "Mar 1, 2022, 3:06 AM",
        "Status": "Success",
        "SubTasks": "2",
        "Average Time": "12",
        "Run Time": 22.0,
        "Rows Processed": 31.0,
        "Long Running": "Y"
    },
    {
        "Run Date": "01/03/2022",
        "Run time": "02:30",
        "Job Folder Name": "DDGRI32_ANAPLAN_DDGRDI_Beacon_Jobs_002",
        "Job Name": "Anaplan_Admin_Contribution_Margin_Feed_002",
        "Milestone": "Data to Admin",
        "Taskflow": "tf_Anaplan_Admin_Contribution_Margin_Data_Feed",
        "Start Time": "Mar 1, 2022, 3:28 AM",
        "End Time": "Mar 1, 2022, 3:35 AM",
        "Status": "Warning",
        "SubTasks": "2",
        "Average Time": "10",
        "Run Time": 7.0,
        "Rows Processed": 77.0,
        "Long Running": "N"
    },
    {
        "Run Date": "01/03/2022",
        "Run time": "02:30",
        "Job Folder Name": "DDGRI32_ANAPLAN_DDGRDI_Beacon_Jobs_002",
        "Job Name": "Anaplan_Admin_Balance_Sheet_Feed_002",
        "Milestone": "Data to Admin",
        "Taskflow": "tf_Anaplan_Admin_Balance_Sheet_Data_Feed",
        "Start Time": "Mar 1, 2022, 4:21 AM",
        "End Time": "Mar 1, 2022, 4:26 AM",
        "Status": "Success",
        "SubTasks": "2",
        "Average Time": "5",
        "Run Time": 5.0,
        "Rows Processed": 37.0,
        "Long Running": "N"
    },
    {
        "Run Date": "01/03/2022",
        "Run time": "02:30",
        "Job Folder Name": "DDGRI32_ANAPLAN_DDGRDI_Beacon_Jobs_002",
        "Job Name": "Anaplan_Admin_Headcount_Feed_002",
        "Milestone": "Data to Admin",
        "Taskflow": "tf_Anaplan_Admin_Headcount_Data_Feed",
        "Start Time": "Mar 1, 2022, 3:41 AM",
        "End Time": "Mar 1, 2022, 3:48 AM",
        "Status": "Success",
        "SubTasks": "2",
        "Average Time": "2",
        "Run Time": 7.0,
        "Rows Processed": 6.0,
        "Long Running": "Y"
    },
    {
        "Run Date": "01/03/2022",
        "Run time": "02:30",
        "Job Folder Name": "DDGRI32_ANAPLAN_DDGRDI_Beacon_Jobs_002",
        "Job Name": "Anaplan_Admin_Project_Register_Feed_002",
        "Milestone": "Data to Admin",
        "Taskflow": "tf_Anaplan_Admin_Project_Register_Data_Feed",
        "Start Time": "Mar 1, 2022, 3:49 AM",
        "End Time": "Mar 1, 2022, 3:51 AM",
        "Status": "Success",
        "SubTasks": "2",
        "Average Time": "3",
        "Run Time": 2.0,
        "Rows Processed": 1.0,
        "Long Running": "N"
    },
    {
        "Run Date": "01/03/2022",
        "Run time": "02:30",
        "Job Folder Name": "DDGRI32_ANAPLAN_DDGRDI_Beacon_Jobs_002",
        "Job Name": "Anaplan_Admin_Capital_Spend_Feed_002",
        "Milestone": "Data to Admin",
        "Taskflow": "tf_Anaplan_Admin_Capital_Spend_Data_Feed\u00a0",
        "Start Time": "Mar 1, 2022, 3:52 AM",
        "End Time": "Mar 1, 2022, 3:56 AM",
        "Status": "Success",
        "SubTasks": "2",
        "Average Time": "7",
        "Run Time": 4.0,
        "Rows Processed": 9.0,
        "Long Running": "N"
    },
    {
        "Run Date": "01/03/2022",
        "Run time": "02:30",
        "Job Folder Name": "DDGRI32_ANAPLAN_DDGRDI_Beacon_Jobs_002",
        "Job Name": "Anaplan_Admin_SGA_Feed_002",
        "Milestone": "Data to Admin",
        "Taskflow": "tf_Anaplan_Admin_SGA_Data_Feed",
        "Start Time": "Mar 1, 2022, 3:57 AM",
        "End Time": "Mar 1, 2022, 4:11 AM",
        "Status": "Warning",
        "SubTasks": "2",
        "Average Time": "20",
        "Run Time": 14.0,
        "Rows Processed": 82.0,
        "Long Running": "N"
    },
    {
        "Run Date": "01/03/2022",
        "Run time": "02:30",
        "Job Folder Name": "DDGRI32_ANAPLAN_INTERMODEL_JOB_002",
        "Job Name": "Anaplan_BS_Upload_Data_002",
        "Milestone": "Data to Admin",
        "Taskflow": "tf_Anaplan_Admin_BS_Upload_Data",
        "Start Time": "Mar 1, 2022, 4:12 AM",
        "End Time": "Mar 1, 2022, 4:14 AM",
        "Status": "Success",
        "SubTasks": "2",
        "Average Time": "15",
        "Run Time": 2.0,
        "Rows Processed": 4.0,
        "Long Running": "N"
    },
    {
        "Run Date": "01/03/2022",
        "Run time": "02:30",
        "Job Folder Name": "DDGRI32_ANAPLAN_INTERMODEL_JOB_002",
        "Job Name": "Anaplan_BS_Capital_Model_Data_002",
        "Milestone": "Data to Admin",
        "Taskflow": "tf_Anaplan_Admin_BS_Capital_Model_Data",
        "Start Time": "Mar 1, 2022, 4:15 AM",
        "End Time": "Mar 1, 2022, 4:16 AM",
        "Status": "Success",
        "SubTasks": "2",
        "Average Time": "12",
        "Run Time": 1.0,
        "Rows Processed": 2.0,
        "Long Running": "N"
    },
    {
        "Run Date": "01/03/2022",
        "Run time": "02:30",
        "Job Folder Name": "DDGRI32_ANAPLAN_INTERMODEL_JOB_002",
        "Job Name": "Anaplan_BS_Existing_Plan_PL_002",
        "Milestone": "Data to Admin",
        "Taskflow": "tf_Anaplan_Admin_BS_Existing_Plan_PL",
        "Start Time": "Mar 1, 2022, 4:17 AM",
        "End Time": "Mar 1, 2022, 4:20 AM",
        "Status": "Warning",
        "SubTasks": "2",
        "Average Time": "10",
        "Run Time": 3.0,
        "Rows Processed": 13.0,
        "Long Running": "N"
    },
    {
        "Run Date": "01/03/2022",
        "Run time": "02:30",
        "Job Folder Name": "DDGRI32_ANAPLAN_INTERMODEL_JOB_002",
        "Job Name": "Anaplan_BS_Data_Feed_002",
        "Milestone": "Data to Admin",
        "Taskflow": "tf_Anaplan_Admin_Balance_Sheet_Data_Feed",
        "Start Time": "Mar 1, 2022, 4:21 AM",
        "End Time": "Mar 1, 2022, 4:26 AM",
        "Status": "Success",
        "SubTasks": "2",
        "Average Time": "5",
        "Run Time": 5.0,
        "Rows Processed": 37.0,
        "Long Running": "N"
    },
    {
        "Run Date": "01/03/2022",
        "Run time": "02:30",
        "Job Folder Name": "DDGRI32_ANAPLAN_DDGRDI_Beacon_Jobs_002",
        "Job Name": "DDGR_DI_PLAN_DATA_CONTRIBUTION_MARGINS_002",
        "Milestone": "Admin to DH",
        "Taskflow": "tf_DDGR_DI_ANAPLAN_SAP_CONTRIBUTION_MARGIN_INS",
        "Start Time": "Mar 1, 2022, 4:27 AM",
        "End Time": "Mar 1, 2022, 4:33 AM",
        "Status": "Success",
        "SubTasks": "6",
        "Average Time": "2",
        "Run Time": 6.0,
        "Rows Processed": 770445.0,
        "Long Running": "Y"
    },
    {
        "Run Date": "01/03/2022",
        "Run time": "02:30",
        "Job Folder Name": "DDGRI32_ANAPLAN_DDGRDI_Beacon_Jobs_002",
        "Job Name": "DDGR_DI_PLAN_DATA_HEADCOUNTS_PLAN_002",
        "Milestone": "Admin to DH",
        "Taskflow": "tf_DDGR_DI_ANAPLAN_SAP_HEADCOUNT_PLAN_INS",
        "Start Time": "Mar 1, 2022, 4:34 AM",
        "End Time": "Mar 1, 2022, 4:36 AM",
        "Status": "Success",
        "SubTasks": "4",
        "Average Time": "3",
        "Run Time": 2.0,
        "Rows Processed": 281977.0,
        "Long Running": "N"
    },
    {
        "Run Date": "01/03/2022",
        "Run time": "02:30",
        "Job Folder Name": "DDGRI32_ANAPLAN_DDGRDI_Beacon_Jobs_002",
        "Job Name": "DDGR_DI_PLAN_DATA_NOP_EXPENSES_PLAN_002",
        "Milestone": "Admin to DH",
        "Taskflow": "tf_DDGR_DI_ANAPLAN_SAP_NOP_EXPENSE_PLAN_INS",
        "Start Time": "Mar 1, 2022, 4:36 AM",
        "End Time": "Mar 1, 2022, 4:48 AM",
        "Status": "Success",
        "SubTasks": "6",
        "Average Time": "7",
        "Run Time": 12.0,
        "Rows Processed": 2418808.0,
        "Long Running": "Y"
    },
    {
        "Run Date": "01/03/2022",
        "Run time": "02:30",
        "Job Folder Name": "DDGRI32_ANAPLAN_DDGRDI_Beacon_Jobs_002",
        "Job Name": "DDGR_DI_PLAN_DATA_PROJECTS_REGISTER_002",
        "Milestone": "Admin to DH",
        "Taskflow": "tf_DDGR_DI_ANAPLAN_SAP_PROJECT_REGISTER_INS",
        "Start Time": "Mar 1, 2022, 4:48 AM",
        "End Time": "Mar 1, 2022, 4:49 AM",
        "Status": "Success",
        "SubTasks": "4",
        "Average Time": "15",
        "Run Time": 1.0,
        "Rows Processed": 2808.0,
        "Long Running": "N"
    },
    {
        "Run Date": "01/03/2022",
        "Run time": "02:30",
        "Job Folder Name": "DDGRI32_ANAPLAN_DDGRDI_Beacon_Jobs_002",
        "Job Name": "DDGR_DI_PLAN_DATA_PROJECTS_SPEND_SCHEDULE_002",
        "Milestone": "Admin to DH",
        "Taskflow": "tf_DDGR_DI_ANAPLAN_SAP_PROJECT_SPEND_SCHEDULE_INS",
        "Start Time": "Mar 1, 2022, 4:50 AM",
        "End Time": "Mar 1, 2022, 4:51 AM",
        "Status": "Success",
        "SubTasks": "6",
        "Average Time": "12",
        "Run Time": 1.0,
        "Rows Processed": 10191.0,
        "Long Running": "N"
    },
    {
        "Run Date": "01/03/2022",
        "Run time": "02:30",
        "Job Folder Name": "DDGRI32_ANAPLAN_DDGRDI_Beacon_Jobs_002",
        "Job Name": "DDGR_DI_PLAN_DATA_RND_EXPENSE_SGA_002",
        "Milestone": "Admin to DH",
        "Taskflow": "tf_DDGR_DI_ANAPLAN_SAP_RND_EXPENSE_SGA_INS",
        "Start Time": "Mar 1, 2022, 4:52 AM",
        "End Time": "Mar 1, 2022, 5:04 AM",
        "Status": "Success",
        "SubTasks": "6",
        "Average Time": "10",
        "Run Time": 12.0,
        "Rows Processed": 2364769.0,
        "Long Running": "Y"
    },
    {
        "Run Date": "01/03/2022",
        "Run time": "02:30",
        "Job Folder Name": "DDGRI32_ANAPLAN_INTERMODEL_JOB_002",
        "Job Name": "DDGR_DI_ANAPLAN_DH_BS_FEED_JOB_002",
        "Milestone": "Interspoke refresh",
        "Taskflow": "tf_DDGR_DI_ANAPLAN_SAP_B_CT_ALL_BALANCESHEET_PLAN_INS",
        "Start Time": "Mar 1, 2022, 5:05 AM",
        "End Time": "Mar 1, 2022, 5:07 AM",
        "Status": "Success",
        "SubTasks": "6",
        "Average Time": "5",
        "Run Time": 2.0,
        "Rows Processed": 32336.0,
        "Long Running": "N"
    },
    {
        "Run Date": "01/03/2022",
        "Run time": "02:30",
        "Job Folder Name": "DDGRI32_ANAPLAN_INTERMODEL_JOB_002",
        "Job Name": "Anaplan_CAP_Existing_Asset_Depreciation_Load_002",
        "Milestone": "Interspoke refresh",
        "Taskflow": "tf_Anaplan_Admin_CAP_Existing_Asset_Depreciation_Load",
        "Start Time": "Mar 1, 2022, 5:15 AM",
        "End Time": "Mar 1, 2022, 5:18 AM",
        "Status": "Warning",
        "SubTasks": "3",
        "Average Time": "2",
        "Run Time": 3.0,
        "Rows Processed": 5.0,
        "Long Running": "Y"
    },
    {
        "Run Date": "01/03/2022",
        "Run time": "02:30",
        "Job Folder Name": "DDGRI32_ANAPLAN_INTERMODEL_JOB_002",
        "Job Name": "Anaplan_LHC_Load_Wage_Data_002",
        "Milestone": "Interspoke refresh",
        "Taskflow": "tf_Anaplan_Admin_LHC_Load_Wage_Data",
        "Start Time": "Mar 1, 2022, 5:19 AM",
        "End Time": "Mar 1, 2022, 5:28 AM",
        "Status": "Warning",
        "SubTasks": "2",
        "Average Time": "3",
        "Run Time": 9.0,
        "Rows Processed": 8.0,
        "Long Running": "Y"
    },
    {
        "Run Date": "01/03/2022",
        "Run time": "02:30",
        "Job Folder Name": "DDGRI32_ANAPLAN_INTERMODEL_JOB_002",
        "Job Name": "Anaplan_BME_CIM_Plan_Job_002",
        "Milestone": "Interspoke refresh",
        "Taskflow": "tf_Anaplan_Admin_BME_CIM_Plan_Load",
        "Start Time": "Mar 1, 2022, 5:30 AM",
        "End Time": "Mar 1, 2022, 5:35 AM",
        "Status": "Success",
        "SubTasks": "2",
        "Average Time": "20",
        "Run Time": 5.0,
        "Rows Processed": 5.0,
        "Long Running": "N"
    },
    {
        "Run Date": "01/03/2022",
        "Run time": "02:30",
        "Job Folder Name": "DDGRI32_ANAPLAN_INTERMODEL_JOB_002",
        "Job Name": "Anaplan_OPEX_Planning_LHC_Data_002",
        "Milestone": "Interspoke refresh",
        "Taskflow": "tf_Anaplan_Admin_OPEX_Planning_LHC_Data",
        "Start Time": "Mar 1, 2022, 5:36 AM",
        "End Time": "Mar 1, 2022, 5:46 AM",
        "Status": "Success",
        "SubTasks": "3",
        "Average Time": "15",
        "Run Time": 10.0,
        "Rows Processed": 13.0,
        "Long Running": "N"
    },
    {
        "Run Date": "01/03/2022",
        "Run time": "02:30",
        "Job Folder Name": "DDGRI32_ANAPLAN_INTERMODEL_JOB_002",
        "Job Name": "Anaplan_OPEX_Planning_Capital_Data_Load_002",
        "Milestone": "Interspoke refresh",
        "Taskflow": "tf_Anaplan_Admin_OPEX_Planning_Capital_Data_Load",
        "Start Time": "Mar 1, 2022, 5:46 AM",
        "End Time": "Mar 1, 2022, 5:53 AM",
        "Status": "Success",
        "SubTasks": "3",
        "Average Time": "12",
        "Run Time": 7.0,
        "Rows Processed": 8.0,
        "Long Running": "N"
    },
    {
        "Run Date": "01/03/2022",
        "Run time": "02:30",
        "Job Folder Name": "DDGRI32_ANAPLAN_INTERMODEL_JOB_002",
        "Job Name": "Anaplan_OPEX_Planning_Charge_In_Charge_Out_Data_Load_002",
        "Milestone": "Interspoke refresh",
        "Taskflow": "tf_Anaplan_Admin_OPEX_Planning_Charge_In_Charge Out_Data_Load",
        "Start Time": "Mar 1, 2022, 5:53 AM",
        "End Time": "Mar 1, 2022, 6:06 AM",
        "Status": "Success",
        "SubTasks": "3",
        "Average Time": "10",
        "Run Time": 13.0,
        "Rows Processed": 12.0,
        "Long Running": "Y"
    }
]
