[
    {
        "Run Date": "24/03/2022",
        "Run time": "16:30",
        "Job Folder Name": "DDGRI32_ANAPLAN_DDGRDI_Feed_PE6_Group",
        "Job Name": "Anaplan_Admin_OPR_Upload_Wrapper_PE6",
        "Milestone": "Upload to Admin",
        "Taskflow": "tf_Anaplan_Admin_OPR_Upload_Wrapper_PE6",
        "Start Time": "Mar 24, 2022, 12:00 PM",
        "End Time": "Mar 1, 2022, 12:15 PM",
        "Status": "Success",
        "SubTasks": "2",
        "Average Time": "40",
        "Run Time": 13.0,
        "Rows Processed": 31.0,
        "Long Running": "Y"
    },
    {
        "Run Date": "24/03/2022",
        "Run time": "16:30",
        "Job Folder Name": "DDGRI32_ANAPLAN_DDGRDI_Feed_PE6_Group",
        "Job Name": "Anaplan_Admin_OPR_CIM_Plan_Data_to_BS_PE6",
        "Milestone": "CIM Plan to BS",
        "Taskflow": "tf_Anaplan_Admin_OPR_CIM_Plan_Data_to_BS_PE6",
        "Start Time": "Mar 24, 2022, 12:15 PM",
        "End Time": "Mar 1, 2022, 12:21 PM",
        "Status": "Success",
        "SubTasks": "1",
        "Average Time": "30",
        "Run Time": 13.0,
        "Rows Processed": 31.0,
        "Long Running": "Y"
    },
    {
        "Run Date": "24/03/2022",
        "Run time": "16:30",
        "Job Folder Name": "DDGRI32_ANAPLAN_DDGRDI_Feed_PE6_Group",
        "Job Name": "DDGR_DI_ANAPLAN_DH_BS_FEED_JOB_PE6",
        "Milestone": "Admin to DH",
        "Taskflow": "tf_DDGR_DI_ANAPLAN_DH_BS_FEED_JOB_PE6",
        "Start Time": "Mar 24, 2022, 12:21 PM",
        "End Time": "Mar 1, 2022, 12:23 PM",
        "Status": "Success",
        "SubTasks": "1",
        "Average Time": "30",
        "Run Time": 13.0,
        "Rows Processed": 31.0,
        "Long Running": "Y"
    },
    {
        "Run Date": "24/03/2022",
        "Run time": "16:30",
        "Job Folder Name": "DDGRI32_ANAPLAN_DDGRDI_Feed_PE6_Group",
        "Job Name": "DDGR_DI_PLAN_DATA_0002_CONTRIBUTION_MARGIN_PE6",
        "Milestone": "Admin to DH",
        "Taskflow": "tf_DDGR_DI_PLAN_DATA_0002_CONTRIBUTION_MARGIN_PE6",
        "Start Time": "Mar 24, 2022, 12:23 PM",
        "End Time": "Mar 1, 2022, 12:36 PM",
        "Status": "Success",
        "SubTasks": "1",
        "Average Time": "30",
        "Run Time": 13.0,
        "Rows Processed": 31.0,
        "Long Running": "Y"
    },
    {
        "Run Date": "24/03/2022",
        "Run time": "16:30",
        "Job Folder Name": "DDGRI32_ANAPLAN_DDGRDI_Feed_PE6_Group",
        "Job Name": "DDGR_DI_PLAN_DATA_0004_NOP_EXPENSE_PLAN_PE6",
        "Milestone": "Admin to DH",
        "Taskflow": "tf_DDGR_DI_PLAN_DATA_0004_NOP_EXPENSE_PLAN_PE6",
        "Start Time": "Mar 24, 2022, 12:36 PM",
        "End Time": "Mar 1, 2022, 12:40 PM",
        "Status": "Success",
        "SubTasks": "1",
        "Average Time": "30",
        "Run Time": 13.0,
        "Rows Processed": 31.0,
        "Long Running": "Y"
    },
    {
        "Run Date": "24/03/2022",
        "Run time": "16:30",
        "Job Folder Name": "DDGRI32_ANAPLAN_DDGRDI_Feed_PE6_Group",
        "Job Name": "DDGR_DI_PLAN_DATA_0007_RND_EXPENSE_SGA_PE6",
        "Milestone": "Admin to DH",
        "Taskflow": "tf_DDGR_DI_PLAN_DATA_0007_RND_EXPENSE_SGA_PE6",
        "Start Time": "Mar 24, 2022, 12:40 PM",
        "End Time": "Mar 1, 2022, 12:44 PM",
        "Status": "Success",
        "SubTasks": "1",
        "Average Time": "30",
        "Run Time": 13.0,
        "Rows Processed": 31.0,
        "Long Running": "Y"
    }
]
