[
    {
        "Run Date": "11/03/2022",
        "Run time": "16:30",
        "Job Folder Name": "DDGRI32_ANAPLAN_DDGRDI_Beacon_Jobs_002",
        "Job Name": "Anaplan_Admin_NoP_Feed_002",
        "Milestone": "Data to Admin",
        "Taskflow": "tf_Anaplan_Admin_NoP_Data_Feed",
        "Start Time": "Mar 11, 2022, 06:36 PM",
        "End Time": "Mar 11, 2022, 6:49 PM",
        "Status": "Success",
        "SubTasks": "2",
        "Average Time": "12",
        "Run Time": 13.0,
        "Rows Processed": 31.0,
        "Long Running": "Y"
    },
    {
        "Run Date": "11/03/2022",
        "Run time": "16:30",
        "Job Folder Name": "DDGRI32_ANAPLAN_DDGRDI_Beacon_Jobs_002",
        "Job Name": "Anaplan_Admin_Contribution_Margin_Feed_002",
        "Milestone": "Data to Admin",
        "Taskflow": "tf_Anaplan_Admin_Contribution_Margin_Data_Feed",
        "Start Time": "Mar 11, 2022, 06:52 PM",
        "End Time": "Mar 11, 2022, 6:57 PM",
        "Status": "Warning",
        "SubTasks": "2",
        "Average Time": "10",
        "Run Time": 5.0,
        "Rows Processed": 77.0,
        "Long Running": "N"
    },
    {
        "Run Date": "11/03/2022",
        "Run time": "16:30",
        "Job Folder Name": "DDGRI32_ANAPLAN_DDGRDI_Beacon_Jobs_002",
        "Job Name": "Anaplan_Admin_Balance_Sheet_Feed_002",
        "Milestone": "Data to Admin",
        "Taskflow": "tf_Anaplan_Admin_Balance_Sheet_Data_Feed",
        "Start Time": "Mar 11, 2022, 07:52 PM",
        "End Time": "Mar 11, 2022, 7:57 PM",
        "Status": "Success",
        "SubTasks": "2",
        "Average Time": "5",
        "Run Time": 5.0,
        "Rows Processed": 37.0,
        "Long Running": "N"
    },
    {
        "Run Date": "11/03/2022",
        "Run time": "16:30",
        "Job Folder Name": "DDGRI32_ANAPLAN_DDGRDI_Beacon_Jobs_002",
        "Job Name": "Anaplan_Admin_Headcount_Feed_002",
        "Milestone": "Data to Admin",
        "Taskflow": "tf_Anaplan_Admin_Headcount_Data_Feed",
        "Start Time": "Mar 11, 2022, 07:05 PM",
        "End Time": "Mar 11, 2022, 7:12 PM",
        "Status": "Success",
        "SubTasks": "2",
        "Average Time": "2",
        "Run Time": 7.0,
        "Rows Processed": 6.0,
        "Long Running": "Y"
    },
    {
        "Run Date": "11/03/2022",
        "Run time": "16:30",
        "Job Folder Name": "DDGRI32_ANAPLAN_DDGRDI_Beacon_Jobs_002",
        "Job Name": "Anaplan_Admin_Project_Register_Feed_002",
        "Milestone": "Data to Admin",
        "Taskflow": "tf_Anaplan_Admin_Project_Register_Data_Feed",
        "Start Time": "Mar 11, 2022, 07:13 PM",
        "End Time": "Mar 11, 2022, 7:15 PM",
        "Status": "Success",
        "SubTasks": "2",
        "Average Time": "3",
        "Run Time": 2.0,
        "Rows Processed": 1.0,
        "Long Running": "N"
    },
    {
        "Run Date": "11/03/2022",
        "Run time": "16:30",
        "Job Folder Name": "DDGRI32_ANAPLAN_DDGRDI_Beacon_Jobs_002",
        "Job Name": "Anaplan_Admin_Capital_Spend_Feed_002",
        "Milestone": "Data to Admin",
        "Taskflow": "tf_Anaplan_Admin_Capital_Spend_Data_Feed\u00a0",
        "Start Time": "Mar 11, 2022, 07:16 PM",
        "End Time": "Mar 11, 2022, 7:20 PM",
        "Status": "Success",
        "SubTasks": "2",
        "Average Time": "7",
        "Run Time": 4.0,
        "Rows Processed": 9.0,
        "Long Running": "N"
    },
    {
        "Run Date": "11/03/2022",
        "Run time": "16:30",
        "Job Folder Name": "DDGRI32_ANAPLAN_DDGRDI_Beacon_Jobs_002",
        "Job Name": "Anaplan_Admin_SGA_Feed_002",
        "Milestone": "Data to Admin",
        "Taskflow": "tf_Anaplan_Admin_SGA_Data_Feed",
        "Start Time": "Mar 11, 2022, 07:20 PM",
        "End Time": "Mar 11, 2022, 7:42 PM",
        "Status": "Warning",
        "SubTasks": "2",
        "Average Time": "20",
        "Run Time": 22.0,
        "Rows Processed": 82.0,
        "Long Running": "Y"
    },
    {
        "Run Date": "11/03/2022",
        "Run time": "16:30",
        "Job Folder Name": "DDGRI32_ANAPLAN_INTERMODEL_JOB_002",
        "Job Name": "Anaplan_BS_Upload_Data_002",
        "Milestone": "Data to Admin",
        "Taskflow": "tf_Anaplan_Admin_BS_Upload_Data",
        "Start Time": "Mar 11, 2022, 07:43 PM",
        "End Time": "Mar 11, 2022, 7:45 PM",
        "Status": "Success",
        "SubTasks": "2",
        "Average Time": "15",
        "Run Time": 2.0,
        "Rows Processed": 4.0,
        "Long Running": "N"
    },
    {
        "Run Date": "11/03/2022",
        "Run time": "16:30",
        "Job Folder Name": "DDGRI32_ANAPLAN_INTERMODEL_JOB_002",
        "Job Name": "Anaplan_BS_Capital_Model_Data_002",
        "Milestone": "Data to Admin",
        "Taskflow": "tf_Anaplan_Admin_BS_Capital_Model_Data",
        "Start Time": "Mar 11, 2022, 07:45 PM",
        "End Time": "Mar 11, 2022, 7:47 PM",
        "Status": "Success",
        "SubTasks": "2",
        "Average Time": "12",
        "Run Time": 2.0,
        "Rows Processed": 2.0,
        "Long Running": "N"
    },
    {
        "Run Date": "11/03/2022",
        "Run time": "16:30",
        "Job Folder Name": "DDGRI32_ANAPLAN_INTERMODEL_JOB_002",
        "Job Name": "Anaplan_BS_Existing_Plan_PL_002",
        "Milestone": "Data to Admin",
        "Taskflow": "tf_Anaplan_Admin_BS_Existing_Plan_PL",
        "Start Time": "Mar 11, 2022, 07:48 PM",
        "End Time": "Mar 11, 2022, 7:51 PM",
        "Status": "Warning",
        "SubTasks": "2",
        "Average Time": "10",
        "Run Time": 3.0,
        "Rows Processed": 13.0,
        "Long Running": "N"
    },
    {
        "Run Date": "11/03/2022",
        "Run time": "16:30",
        "Job Folder Name": "DDGRI32_ANAPLAN_INTERMODEL_JOB_002",
        "Job Name": "Anaplan_BS_Data_Feed_002",
        "Milestone": "Data to Admin",
        "Taskflow": "tf_Anaplan_Admin_Balance_Sheet_Data_Feed",
        "Start Time": "Mar 11, 2022, 07:52 PM",
        "End Time": "Mar 11, 2022, 7:57 PM",
        "Status": "Success",
        "SubTasks": "2",
        "Average Time": "5",
        "Run Time": 5.0,
        "Rows Processed": 37.0,
        "Long Running": "N"
    },
    {
        "Run Date": "11/03/2022",
        "Run time": "16:30",
        "Job Folder Name": "DDGRI32_ANAPLAN_DDGRDI_Beacon_Jobs_002",
        "Job Name": "DDGR_DI_PLAN_DATA_CONTRIBUTION_MARGINS_002",
        "Milestone": "Admin to DH",
        "Taskflow": "tf_DDGR_DI_ANAPLAN_SAP_CONTRIBUTION_MARGIN_INS",
        "Start Time": "Mar 11, 2022, 08:00 PM",
        "End Time": "Mar 11, 2022, 8:06 PM",
        "Status": "Success",
        "SubTasks": "6",
        "Average Time": "2",
        "Run Time": 6.0,
        "Rows Processed": 770445.0,
        "Long Running": "Y"
    },
    {
        "Run Date": "11/03/2022",
        "Run time": "16:30",
        "Job Folder Name": "DDGRI32_ANAPLAN_DDGRDI_Beacon_Jobs_002",
        "Job Name": "DDGR_DI_PLAN_DATA_HEADCOUNTS_PLAN_002",
        "Milestone": "Admin to DH",
        "Taskflow": "tf_DDGR_DI_ANAPLAN_SAP_HEADCOUNT_PLAN_INS",
        "Start Time": "Mar 11, 2022, 08:07 PM",
        "End Time": "Mar 11, 2022, 8:09 PM",
        "Status": "Success",
        "SubTasks": "4",
        "Average Time": "3",
        "Run Time": 2.0,
        "Rows Processed": 281977.0,
        "Long Running": "N"
    },
    {
        "Run Date": "11/03/2022",
        "Run time": "16:30",
        "Job Folder Name": "DDGRI32_ANAPLAN_DDGRDI_Beacon_Jobs_002",
        "Job Name": "DDGR_DI_PLAN_DATA_NOP_EXPENSES_PLAN_002",
        "Milestone": "Admin to DH",
        "Taskflow": "tf_DDGR_DI_ANAPLAN_SAP_NOP_EXPENSE_PLAN_INS",
        "Start Time": "Mar 11, 2022, 08:10 PM",
        "End Time": "Mar 11, 2022, 8:20 PM",
        "Status": "Success",
        "SubTasks": "6",
        "Average Time": "7",
        "Run Time": 10.0,
        "Rows Processed": 2418808.0,
        "Long Running": "Y"
    },
    {
        "Run Date": "11/03/2022",
        "Run time": "16:30",
        "Job Folder Name": "DDGRI32_ANAPLAN_DDGRDI_Beacon_Jobs_002",
        "Job Name": "DDGR_DI_PLAN_DATA_PROJECTS_REGISTER_002",
        "Milestone": "Admin to DH",
        "Taskflow": "tf_DDGR_DI_ANAPLAN_SAP_PROJECT_REGISTER_INS",
        "Start Time": "Mar 11, 2022, 08:22 PM",
        "End Time": "Mar 11, 2022, 8:23 PM",
        "Status": "Success",
        "SubTasks": "4",
        "Average Time": "15",
        "Run Time": 1.0,
        "Rows Processed": 2808.0,
        "Long Running": "N"
    },
    {
        "Run Date": "11/03/2022",
        "Run time": "16:30",
        "Job Folder Name": "DDGRI32_ANAPLAN_DDGRDI_Beacon_Jobs_002",
        "Job Name": "DDGR_DI_PLAN_DATA_PROJECTS_SPEND_SCHEDULE_002",
        "Milestone": "Admin to DH",
        "Taskflow": "tf_DDGR_DI_ANAPLAN_SAP_PROJECT_SPEND_SCHEDULE_INS",
        "Start Time": "Mar 11, 2022, 08:23 PM",
        "End Time": "Mar 11, 2022, 8:24 PM",
        "Status": "Success",
        "SubTasks": "6",
        "Average Time": "12",
        "Run Time": 1.0,
        "Rows Processed": 10191.0,
        "Long Running": "N"
    },
    {
        "Run Date": "11/03/2022",
        "Run time": "16:30",
        "Job Folder Name": "DDGRI32_ANAPLAN_DDGRDI_Beacon_Jobs_002",
        "Job Name": "DDGR_DI_PLAN_DATA_RND_EXPENSE_SGA_002",
        "Milestone": "Admin to DH",
        "Taskflow": "tf_DDGR_DI_ANAPLAN_SAP_RND_EXPENSE_SGA_INS",
        "Start Time": "Mar 11, 2022, 08:25 PM",
        "End Time": "Mar 11, 2022, 8:36 PM",
        "Status": "Success",
        "SubTasks": "6",
        "Average Time": "10",
        "Run Time": 11.0,
        "Rows Processed": 2364769.0,
        "Long Running": "Y"
    },
    {
        "Run Date": "11/03/2022",
        "Run time": "16:30",
        "Job Folder Name": "DDGRI32_ANAPLAN_INTERMODEL_JOB_002",
        "Job Name": "DDGR_DI_ANAPLAN_DH_BS_FEED_JOB_002",
        "Milestone": "Interspoke refresh",
        "Taskflow": "tf_DDGR_DI_ANAPLAN_SAP_B_CT_ALL_BALANCESHEET_PLAN_INS",
        "Start Time": "Mar 11, 2022, 07:58 PM",
        "End Time": "Mar 11, 2022, 7:59 PM",
        "Status": "Success",
        "SubTasks": "6",
        "Average Time": "5",
        "Run Time": 1.0,
        "Rows Processed": 32336.0,
        "Long Running": "N"
    },
    {
        "Run Date": "11/03/2022",
        "Run time": "16:30",
        "Job Folder Name": "DDGRI32_ANAPLAN_INTERMODEL_JOB_002",
        "Job Name": "Anaplan_CAP_Existing_Asset_Depreciation_Load_002",
        "Milestone": "Interspoke refresh",
        "Taskflow": "tf_Anaplan_Admin_CAP_Existing_Asset_Depreciation_Load",
        "Start Time": "Mar 11, 2022, 08:37 PM",
        "End Time": "Mar 11, 2022, 8:40 PM",
        "Status": "Warning",
        "SubTasks": "3",
        "Average Time": "2",
        "Run Time": 3.0,
        "Rows Processed": 5.0,
        "Long Running": "Y"
    },
    {
        "Run Date": "11/03/2022",
        "Run time": "16:30",
        "Job Folder Name": "DDGRI32_ANAPLAN_INTERMODEL_JOB_002",
        "Job Name": "Anaplan_LHC_Load_Wage_Data_002",
        "Milestone": "Interspoke refresh",
        "Taskflow": "tf_Anaplan_Admin_LHC_Load_Wage_Data",
        "Start Time": "Mar 11, 2022, 08:41 PM",
        "End Time": "Mar 11, 2022, 8:50 PM",
        "Status": "Warning",
        "SubTasks": "2",
        "Average Time": "3",
        "Run Time": 9.0,
        "Rows Processed": 8.0,
        "Long Running": "Y"
    },
    {
        "Run Date": "11/03/2022",
        "Run time": "16:30",
        "Job Folder Name": "DDGRI32_ANAPLAN_INTERMODEL_JOB_002",
        "Job Name": "Anaplan_BME_CIM_Plan_Job_002",
        "Milestone": "Interspoke refresh",
        "Taskflow": "tf_Anaplan_Admin_BME_CIM_Plan_Load",
        "Start Time": "Mar 11, 2022, 08:50 PM",
        "End Time": "Mar 11, 2022, 8:57 PM",
        "Status": "Success",
        "SubTasks": "2",
        "Average Time": "20",
        "Run Time": 7.0,
        "Rows Processed": 5.0,
        "Long Running": "N"
    },
    {
        "Run Date": "11/03/2022",
        "Run time": "16:30",
        "Job Folder Name": "DDGRI32_ANAPLAN_INTERMODEL_JOB_002",
        "Job Name": "Anaplan_OPEX_Planning_LHC_Data_002",
        "Milestone": "Interspoke refresh",
        "Taskflow": "tf_Anaplan_Admin_OPEX_Planning_LHC_Data",
        "Start Time": "Mar 11, 2022, 08:57 PM",
        "End Time": "Mar 11, 2022, 9:15 PM",
        "Status": "Success",
        "SubTasks": "3",
        "Average Time": "15",
        "Run Time": 18.0,
        "Rows Processed": 13.0,
        "Long Running": "Y"
    },
    {
        "Run Date": "11/03/2022",
        "Run time": "16:30",
        "Job Folder Name": "DDGRI32_ANAPLAN_INTERMODEL_JOB_002",
        "Job Name": "Anaplan_OPEX_Planning_Capital_Data_Load_002",
        "Milestone": "Interspoke refresh",
        "Taskflow": "tf_Anaplan_Admin_OPEX_Planning_Capital_Data_Load",
        "Start Time": "Mar 11, 2022, 09:15 PM",
        "End Time": "Mar 11, 2022, 9:23 PM",
        "Status": "Success",
        "SubTasks": "3",
        "Average Time": "12",
        "Run Time": 8.0,
        "Rows Processed": 8.0,
        "Long Running": "N"
    },
    {
        "Run Date": "11/03/2022",
        "Run time": "16:30",
        "Job Folder Name": "DDGRI32_ANAPLAN_INTERMODEL_JOB_002",
        "Job Name": "Anaplan_OPEX_Planning_Charge_In_Charge_Out_Data_Load_002",
        "Milestone": "Interspoke refresh",
        "Taskflow": "tf_Anaplan_Admin_OPEX_Planning_Charge_In_Charge Out_Data_Load",
        "Start Time": "Mar 11, 2022, 09:24 PM",
        "End Time": "Mar 11, 2022, 9:36 PM",
        "Status": "Success",
        "SubTasks": "3",
        "Average Time": "10",
        "Run Time": 12.0,
        "Rows Processed": 12.0,
        "Long Running": "Y"
    },
    {
        "Run Date": "11/03/2022",
        "Run time": "16:30",
        "Job Folder Name": "DDGRI32_ANAPLAN_INTERMODEL_JOB_002",
        "Job Name": "Anaplan_OPEX_Planning_BME_Data_Load_002",
        "Milestone": "Interspoke refresh",
        "Taskflow": "tf_Anaplan_Admin_OPEX_Planning_BME_Data_Load",
        "Start Time": "Mar 11, 2022, 09:37 PM",
        "End Time": "Mar 11, 2022, 9:45 PM",
        "Status": "Success",
        "SubTasks": "3",
        "Average Time": "5",
        "Run Time": 8.0,
        "Rows Processed": 14.0,
        "Long Running": "Y"
    },
    {
        "Run Date": "11/03/2022",
        "Run time": "16:30",
        "Job Folder Name": "DDGRI32_ANAPLAN_INTERMODEL_JOB_002",
        "Job Name": "Anaplan_OPEX_Planning_UploadModel_Data_Load_002",
        "Milestone": "Interspoke refresh",
        "Taskflow": "tf_Anaplan_Admin_OPEX_Planning_UploadModel_Data_Load",
        "Start Time": "Mar 11, 2022, 09:45 PM",
        "End Time": "Mar 11, 2022, 9:56 PM",
        "Status": "Success",
        "SubTasks": "3",
        "Average Time": "7",
        "Run Time": 11.0,
        "Rows Processed": 18.0,
        "Long Running": "Y"
    },
    {
        "Run Date": "11/03/2022",
        "Run time": "16:30",
        "Job Folder Name": "DDGRI32_ANAPLAN_INTERMODEL_JOB_002",
        "Job Name": "Anaplan_SC_Plan_Data_Load_002",
        "Milestone": "Interspoke refresh",
        "Taskflow": "tf_Anaplan_Admin_SC_Plan_Data_Load",
        "Start Time": "Mar 11, 2022, 09:57 PM",
        "End Time": "Mar 11, 2022, 10:16 PM",
        "Status": "Warning",
        "SubTasks": "2",
        "Average Time": "15",
        "Run Time": 19.0,
        "Rows Processed": 10.0,
        "Long Running": "Y"
    },
    {
        "Run Date": "11/03/2022",
        "Run time": "16:30",
        "Job Folder Name": "DDGRI32_ANAPLAN_INTERMODEL_JOB_002",
        "Job Name": "Anaplan_Sector_Consol_LHC_Data_002",
        "Milestone": "Interspoke refresh",
        "Taskflow": "tf_Anaplan_Admin_SC_LHC_Data",
        "Start Time": "Mar 11, 2022, 10:16 PM",
        "End Time": "Mar 11, 2022, 10:19 PM",
        "Status": "Warning",
        "SubTasks": "2",
        "Average Time": "12",
        "Run Time": 3.0,
        "Rows Processed": 2.0,
        "Long Running": "N"
    },
    {
        "Run Date": "11/03/2022",
        "Run time": "16:30",
        "Job Folder Name": "DDGRI32_ANAPLAN_INTERMODEL_JOB_002",
        "Job Name": "Anaplan_Sector_Consolidation_Adjustments_002",
        "Milestone": "Interspoke refresh",
        "Taskflow": "tf_Anaplan_Admin_Sector_Consolidation_Adjustments",
        "Start Time": "Mar 11, 2022, 10:20 PM",
        "End Time": "Mar 11, 2022, 10:23 PM",
        "Status": "Success",
        "SubTasks": "2",
        "Average Time": "2",
        "Run Time": 3.0,
        "Rows Processed": 2.0,
        "Long Running": "Y"
    },
    {
        "Run Date": "11/03/2022",
        "Run time": "16:30",
        "Job Folder Name": "DDGRI32_ANAPLAN_INTERMODEL_JOB_002",
        "Job Name": "Anaplan_Sector_Consolidation_opex_Expense_SGA_002",
        "Milestone": "Interspoke refresh",
        "Taskflow": "tf_Anaplan_Admin_Sector_Consolidation_opex_Expense_SGA",
        "Start Time": "Mar 11, 2022, 10:24 PM",
        "End Time": "Mar 11, 2022, 10:31 PM",
        "Status": "Warning",
        "SubTasks": "2",
        "Average Time": "3",
        "Run Time": 7.0,
        "Rows Processed": 5.0,
        "Long Running": "Y"
    },
    {
        "Run Date": "11/03/2022",
        "Run time": "16:30",
        "Job Folder Name": "DDGRI32_ANAPLAN_IBP_INTERMODEL_JOB",
        "Job Name": "Anaplan_IBP_Mnthly_Consensus_Snapshot_Subset_Cost_IM_RO_Load",
        "Milestone": "IBP Jobs",
        "Taskflow": "tf_Anaplan_IBP_Monthly_Consensus_Snapshots_All_Subsets_ASP_Cost_Consensus_Intermodel_RO_list_Load ",
        "Start Time": "Mar 11, 2022, 7:00 PM",
        "End Time": "Mar 11, 2022, 7:20 PM",
        "Status": "Warning",
        "SubTasks": "1",
        "Average Time": "30",
        "Run Time": 20.0,
        "Rows Processed": 5.0,
        "Long Running": "N"
    },
    {
        "Run Date": "11/03/2022",
        "Run time": "16:30",
        "Job Folder Name": "DDGRI32_ANAPLAN_IBP_MODEL1_ADMIN_DAILY_EXPORT",
        "Job Name": "Anaplan_IBP_ADMIN_Wrapper3",
        "Milestone": "IBP Jobs",
        "Taskflow": "tf_Anaplan_IBP_ADMIN_Wrapper3",
        "Start Time": "Mar 11, 2022, 9:30 PM",
        "End Time": "Mar 11, 2022, 9:45 PM",
        "Status": "Warning",
        "SubTasks": "2",
        "Average Time": "3",
        "Run Time": 7.0,
        "Rows Processed": 5.0,
        "Long Running": "N"
    },
    {
        "Run Date": "11/03/2022",
        "Run time": "16:30",
        "Job Folder Name": "DDGRI32_DI_MVP3_PLAN_DATA_JOBS",
        "Job Name": "DDGR_DI_MVP3_PLAN_DATA_0001_IBP_CONTRIBUTION_MARGIN",
        "Milestone": "IBP Jobs",
        "Taskflow": "tf_DDGR_DI_ANAPLAN_SAP_IBP_CONTRIBUTION_MARGIN_INS ",
        "Start Time": "Mar 11, 2022, 9:45 PM",
        "End Time": "Mar 11, 2022, 9:58 PM",
        "Status": "Warning",
        "SubTasks": "2",
        "Average Time": "10",
        "Run Time": 15.0,
        "Rows Processed": 5.0,
        "Long Running": "Y"
    },
    {
        "Run Date": "11/03/2022",
        "Run time": "16:30",
        "Job Folder Name": "DDGRI32_DI_MVP3_PLAN_DATA_JOBS",
        "Job Name": "DDGR_DI_MVP3_PLAN_DATA_0001_IBP_CONTRIBUTION_MARGIN",
        "Milestone": "IBP Jobs",
        "Taskflow": "tf_DDGR_DI_ANAPLAN_SAP_R_AND_O_OUTBOUND_INS",
        "Start Time": "Mar 11, 2022, 9:58 PM",
        "End Time": "Mar 11, 2022, 10:01 PM",
        "Status": "Warning",
        "SubTasks": "2",
        "Average Time": "3",
        "Run Time": 3.0,
        "Rows Processed": 5.0,
        "Long Running": "N"
    },
    {
        "Run Date": "11/03/2022",
        "Run time": "16:30",
        "Job Folder Name": "DDGRI32_DI_MVP3_PLAN_DATA_JOBS",
        "Job Name": "DDGR_DI_MVP3_PLAN_DATA_0001_IBP_CONTRIBUTION_MARGIN",
        "Milestone": "IBP Jobs",
        "Taskflow": "tf_DDGR_DI_ANAPLAN_SAP_B_CT_ALL_NPI_END_DATE_INS",
        "Start Time": "Mar 11, 2022, 10:01 PM",
        "End Time": "Mar 11, 2022, 10:05 PM",
        "Status": "Warning",
        "SubTasks": "2",
        "Average Time": "3",
        "Run Time": 7.0,
        "Rows Processed": 5.0,
        "Long Running": "Y"
    }
]
